cn_name,en_name,rating,comment_number,director
肖申克的救赎,The Shawshank Redemption,9.6,987073,"导演: 弗兰克·德拉邦特 Frank Darabont   主演: 蒂姆·罗宾斯 Tim Robbins /...
                            1994 / 美国 / 犯罪 剧情"
霸王别姬,再见，我的妾  /  Farewell My Concubine,9.5,717016,"导演: 陈凯歌 Kaige Chen   主演: 张国荣 Leslie Cheung / 张丰毅 Fengyi Zha...
                            1993 / 中国大陆 香港 / 剧情 爱情 同性"
这个杀手不太冷,Léon,9.4,930955,"导演: 吕克·贝松 Luc Besson   主演: 让·雷诺 Jean Reno / 娜塔莉·波特曼 ...
                            1994 / 法国 / 剧情 动作 犯罪"
阿甘正传,Forrest Gump,9.4,791646,"导演: Robert Zemeckis   主演: Tom Hanks / Robin Wright Penn / Gary Sinise
                            1994 / 美国 / 剧情 爱情"
美丽人生,La vita è bella,9.5,462564,"导演: 罗伯托·贝尼尼 Roberto Benigni   主演: 罗伯托·贝尼尼 Roberto Beni...
                            1997 / 意大利 / 剧情 喜剧 爱情 战争"
千与千寻,千と千尋の神隠し,9.2,740577,"导演: 宫崎骏 Hayao Miyazaki   主演: 柊瑠美 Rumi Hîragi / 入野自由 Miy...
                            2001 / 日本 / 剧情 动画 奇幻"
泰坦尼克号,Titanic,9.2,731158,"导演: 詹姆斯·卡梅隆 James Cameron   主演: 莱昂纳多·迪卡普里奥 Leonardo...
                            1997 / 美国 / 剧情 爱情 灾难"
辛德勒的名单,Schindler's List,9.4,421687,"导演: 史蒂文·斯皮尔伯格 Steven Spielberg   主演: 连姆·尼森 Liam Neeson...
                            1993 / 美国 / 剧情 历史 战争"
盗梦空间,Inception,9.3,833718,"导演: 克里斯托弗·诺兰 Christopher Nolan   主演: 莱昂纳多·迪卡普里奥 Le...
                            2010 / 美国 英国 / 剧情 科幻 悬疑 冒险"
机器人总动员,WALL·E,9.3,546649,"导演: 安德鲁·斯坦顿 Andrew Stanton   主演: 本·贝尔特 Ben Burtt / 艾丽...
                            2008 / 美国 / 爱情 科幻 动画 冒险"
海上钢琴师,La leggenda del pianista sull'oceano,9.2,644601,"导演: 朱塞佩·托纳多雷 Giuseppe Tornatore   主演: 蒂姆·罗斯 Tim Roth / ...
                            1998 / 意大利 / 剧情 音乐"
三傻大闹宝莱坞,3 Idiots,9.2,747150,"导演: 拉库马·希拉尼 Rajkumar Hirani   主演: 阿米尔·汗 Aamir Khan / 卡...
                            2009 / 印度 / 剧情 喜剧 爱情 歌舞"
忠犬八公的故事,Hachi: A Dog's Tale,9.2,513216,"导演: 莱塞·霍尔斯道姆 Lasse Hallström   主演: 理查·基尔 Richard Ger...
                            2009 / 美国 英国 / 剧情"
放牛班的春天,Les choristes,9.2,499705,"导演: 克里斯托夫·巴拉蒂 Christophe Barratier   主演: 杰拉尔·朱诺 Géra...
                            2004 / 法国 瑞士 德国 / 剧情 音乐"
大话西游之大圣娶亲,西遊記大結局之仙履奇緣,9.2,545146,"导演: 刘镇伟 Jeffrey Lau   主演: 周星驰 Stephen Chow / 吴孟达 Man Tat Ng...
                            1995 / 香港 中国大陆 / 喜剧 爱情 奇幻 冒险"
教父,The Godfather,9.2,376022,"导演: 弗朗西斯·福特·科波拉 Francis Ford Coppola   主演: 马龙·白兰度 M...
                            1972 / 美国 / 剧情 犯罪"
龙猫,となりのトトロ,9.1,461188,"导演: 宫崎骏 Hayao Miyazaki   主演: 日高法子 Noriko Hidaka / 坂本千夏 Ch...
                            1988 / 日本 / 儿童 动画 奇幻 家庭"
楚门的世界,The Truman Show,9.1,514953,"导演: 彼得·威尔 Peter Weir   主演: 金·凯瑞 Jim Carrey / 劳拉·琳妮 Lau...
                            1998 / 美国 / 剧情 科幻"
熔炉,도가니,9.2,298583,"导演: 黄东赫 Dong-hyuk Hwang   主演: 孔侑 Yoo Gong / 郑有美 Yu-mi Jeong ...
                            2011 / 韩国 / 剧情"
乱世佳人,Gone with the Wind,9.2,293221,"导演: 维克多·弗莱明 Victor Fleming / 乔治·库克 George Cukor   主演: 托...
                            1939 / 美国 / 剧情 历史 爱情 战争"
星际穿越,Interstellar,9.2,542622,"导演: 克里斯托弗·诺兰 Christopher Nolan   主演: 马修·麦康纳 Matthew Mc...
                            2014 / 美国 英国 加拿大 冰岛 / 剧情 科幻 冒险"
触不可及,Intouchables,9.1,404110,"导演: 奥利维·那卡什 Olivier Nakache / 艾力克·托兰达 Eric Toledano   主...
                            2011 / 法国 / 剧情 喜剧"
无间道,無間道,9.0,445191,"导演: 刘伟强 / 麦兆辉   主演: 刘德华 / 梁朝伟 / 黄秋生
                            2002 / 香港 / 剧情 犯罪 悬疑"
当幸福来敲门,The Pursuit of Happyness,8.9,591322,"导演: 加布里尔·穆奇诺 Gabriele Muccino   主演: 威尔·史密斯 Will Smith ...
                            2006 / 美国 / 剧情 传记 家庭"
天堂电影院,Nuovo Cinema Paradiso,9.1,332003,"导演: 朱塞佩·托纳多雷 Giuseppe Tornatore   主演: 安东娜拉·塔莉 Antonel...
                            1988 / 意大利 法国 / 剧情 爱情"
怦然心动,Flipped,8.9,614307,"导演: 罗伯·莱纳 Rob Reiner   主演: 玛德琳·卡罗尔 Madeline Carroll / 卡...
                            2010 / 美国 / 剧情 喜剧 爱情"
十二怒汉,12 Angry Men,9.4,186614,"导演: Sidney Lumet   主演: 亨利·方达 Henry Fonda / 马丁·鲍尔萨姆 Marti...
                            1957 / 美国 / 剧情"
搏击俱乐部,Fight Club,9.0,427619,"导演: 大卫·芬奇 David Fincher   主演: 爱德华·诺顿 Edward Norton / 布拉...
                            1999 / 美国 德国 / 剧情 动作 悬疑 惊悚"
少年派的奇幻漂流,Life of Pi,9.0,627107,"导演: 李安 Ang Lee   主演: 苏拉·沙玛 Suraj Sharma / 伊尔凡·可汗 Irrfan...
                            2012 / 美国 台湾 英国 加拿大 / 剧情 奇幻 冒险"
指环王3：王者无敌,The Lord of the Rings: The Return of the King,9.1,308058,"导演: 彼得·杰克逊 Peter Jackson   主演: 维果·莫腾森 Viggo Mortensen / ...
                            2003 / 美国 新西兰 / 剧情 动作 奇幻 冒险"
鬼子来了,Devils on the Doorstep,9.2,253118,"导演: 姜文 Wen Jiang   主演: 姜文 Wen Jiang / 香川照之 Teruyuki Kagawa /...
                            2000 / 中国大陆 / 剧情 战争"
蝙蝠侠：黑暗骑士,The Dark Knight,9.0,356554,"导演: 克里斯托弗·诺兰 Christopher Nolan   主演: 克里斯蒂安·贝尔 Christ...
                            2008 / 美国 英国 / 剧情 动作 科幻 犯罪 惊悚"
活着,人生  /  Lifetimes,9.1,297566,"导演: 张艺谋 Yimou Zhang   主演: 葛优 You Ge / 巩俐 Li Gong / 姜武 Wu Jiang
                            1994 / 中国大陆 香港 / 剧情 历史 家庭"
天空之城,天空の城ラピュタ,9.0,361318,"导演: 宫崎骏 Hayao Miyazaki   主演: 田中真弓 Mayumi Tanaka / 横泽启子 Ke...
                            1986 / 日本 / 动画 奇幻 冒险"
罗马假日,Roman Holiday,8.9,417208,"导演: 威廉·惠勒 William Wyler   主演: 奥黛丽·赫本 Audrey Hepburn / 格...
                            1953 / 美国 / 喜剧 剧情 爱情"
大话西游之月光宝盒,西遊記第壹佰零壹回之月光寶盒,8.9,439108,"导演: 刘镇伟 Jeffrey Lau   主演: 周星驰 Stephen Chow / 吴孟达 Man Tat Ng...
                            1995 / 香港 中国大陆 / 喜剧 爱情 奇幻 冒险"
飞屋环游记,Up,8.9,541959,"导演: 彼特·道格特 Pete Docter / 鲍勃·彼德森 Bob Peterson   主演: 爱德...
                            2009 / 美国 / 剧情 喜剧 动画 冒险"
疯狂动物城,Zootopia,9.2,564419,"导演: 拜伦·霍华德 Byron Howard / 瑞奇·摩尔 Rich Moore   主演: 金妮弗·...
                            2016 / 美国 / 喜剧 动画 冒险"
窃听风暴,Das Leben der Anderen,9.1,243174,"导演: 弗洛里安·亨克尔·冯·多纳斯马 Florian Henckel von Donnersmarck   ...
                            2006 / 德国 / 剧情 悬疑"
两杆大烟枪,"Lock, Stock and Two Smoking Barrels",9.1,291470,"导演: Guy Ritchie   主演: Jason Flemyng / Dexter Fletcher / Nick Moran
                            1998 / 英国 / 剧情 喜剧 犯罪"
飞越疯人院,One Flew Over the Cuckoo's Nest,9.0,295565,"导演: 米洛斯·福尔曼 Miloš Forman   主演: 杰克·尼科尔森 Jack Nichols...
                            1975 / 美国 / 剧情"
控方证人,Witness for the Prosecution,9.6,105684,"导演: 比利·怀尔德 Billy Wilder   主演: 查尔斯·劳顿 Charles Laughton / ...
                            1957 / 美国 / 剧情 犯罪 悬疑"
闻香识女人,Scent of a Woman,8.9,349375,"导演: 马丁·布莱斯 Martin Brest   主演: 阿尔·帕西诺 Al Pacino / 克里斯...
                            1992 / 美国 / 剧情"
海豚湾,The Cove,9.3,192788,"导演: Louie Psihoyos   主演: John Chisholm / Mandy-Rae Cruikshank / Char...
                            2009 / 美国 / 纪录片"
哈尔的移动城堡,ハウルの動く城,8.9,382917,"导演: 宫崎骏 Hayao Miyazaki   主演: 倍赏千惠子 Chieko Baishô / 木村拓...
                            2004 / 日本 / 爱情 动画 奇幻 冒险"
V字仇杀队,V for Vendetta,8.8,453217,"导演: 詹姆斯·麦克特格 James McTeigue   主演: 娜塔莉·波特曼 Natalie Por...
                            2005 / 美国 英国 德国 / 剧情 动作 科幻 惊悚"
辩护人,변호인,9.1,229262,"导演: 杨宇硕 Woo-seok Yang   主演: 宋康昊 Kang-ho Song / 吴达洙 Dal-su O...
                            2013 / 韩国 / 剧情"
死亡诗社,Dead Poets Society,8.9,301558,"导演: 彼得·威尔 Peter Weir   主演: 罗宾·威廉姆斯 Robin Williams / 罗伯...
                            1989 / 美国 / 剧情"
教父2,The Godfather: Part Ⅱ,9.1,202580,"导演: 弗朗西斯·福特·科波拉 Francis Ford Coppola   主演: 阿尔·帕西诺 A...
                            1974 / 美国 / 剧情 犯罪"
美丽心灵,A Beautiful Mind,8.9,326715,"导演: 朗·霍华德 Ron Howard   主演: 罗素·克劳 Russell Crowe / 詹妮弗·...
                            2001 / 美国 / 传记 剧情"
指环王2：双塔奇兵,The Lord of the Rings: The Two Towers,9.0,290067,"导演: 彼得·杰克逊 Peter Jackson   主演: 伊利亚·伍德 Elijah Wood / 西恩...
                            2002 / 美国 新西兰 / 剧情 动作 奇幻 冒险"
指环王1：魔戒再现,The Lord of the Rings: The Fellowship of the Ring,8.9,324490,"导演: 彼得·杰克逊 Peter Jackson   主演: 伊利亚·伍德 Elijah Wood / 西恩...
                            2001 / 新西兰 美国 / 剧情 动作 奇幻 冒险"
情书,Love Letter,8.8,402863,"导演: 岩井俊二 Shunji Iwai   主演: 中山美穗 Miho Nakayama / 丰川悦司 Ets...
                            1995 / 日本 / 剧情 爱情"
饮食男女,飲食男女,9.1,216974,"导演: 李安 Ang Lee   主演: 郎雄 Sihung Lung / 杨贵媚 Kuei-Mei Yang / 吴...
                            1994 / 台湾 美国 / 剧情 家庭"
美国往事,Once Upon a Time in America,9.1,187584,"导演: 赛尔乔·莱翁内 Sergio Leone   主演: 罗伯特·德尼罗 Robert De Niro ...
                            1984 / 意大利 美国 / 犯罪 剧情"
狮子王,The Lion King,8.9,302444,"导演: Roger Allers / 罗伯·明可夫 Rob Minkoff   主演: 乔纳森·泰勒·托马...
                            1994 / 美国 / 剧情 动画 冒险 歌舞 家庭"
天使爱美丽,Le fabuleux destin d'Amélie Poulain,8.7,511431,"导演: 让-皮埃尔·热内 Jean-Pierre Jeunet   主演: 奥黛丽·塔图 Audrey Tau...
                            2001 / 法国 德国 / 喜剧 爱情"
钢琴家,The Pianist,9.0,215872,"导演: 罗曼·波兰斯基 Roman Polanski   主演: 艾德里安·布洛迪 Adrien Brod...
                            2002 / 法国 德国 英国 波兰 / 剧情 传记 历史 战争"
七宗罪,Se7en,8.7,460934,"导演: 大卫·芬奇 David Fincher   主演: 摩根·弗里曼 Morgan Freeman / 布...
                            1995 / 美国 / 剧情 犯罪 悬疑 惊悚"
被嫌弃的松子的一生,嫌われ松子の一生,8.9,311727,"导演: 中岛哲也 Tetsuya Nakashima   主演: 中谷美纪 Miki Nakatani / 瑛太 E...
                            2006 / 日本 / 剧情 歌舞"
小鞋子,بچههای آسمان,9.2,149233,"导演: 马基德·马基迪 Majid Majidi   主演: Amir Farrokh Hashemian / 默罕...
                            1997 / 伊朗 / 剧情 家庭 儿童"
素媛,소원,9.1,198841,"导演: 李濬益 Jun-ik Lee   主演: 薛景求 Kyung-gu Sol / 严志媛 Ji-won Uhm ...
                            2013 / 韩国 / 剧情"
致命魔术,The Prestige,8.8,367889,"导演: 克里斯托弗·诺兰 Christopher Nolan   主演: 休·杰克曼 Hugh Jackman...
                            2006 / 美国 英国 / 剧情 悬疑 惊悚"
摔跤吧！爸爸,Dangal,9.1,494411,"导演: 涅提·蒂瓦里 Nitesh Tiwari   主演: 阿米尔·汗 Aamir Khan / 法缇玛...
                            2016 / 印度 / 剧情 传记 运动 家庭"
勇敢的心,Braveheart,8.8,310178,"导演: 梅尔·吉布森 Mel Gibson   主演: 梅尔·吉布森 Mel Gibson / 苏菲·玛...
                            1995 / 美国 / 动作 传记 剧情 历史 战争"
音乐之声,The Sound of Music,8.9,246581,"导演: Robert Wise   主演: 朱丽·安德鲁斯 Julie Andrews / 克里斯托弗·普...
                            1965 / 美国 / 剧情 传记 爱情 歌舞"
剪刀手爱德华,Edward Scissorhands,8.7,514086,"导演: Tim Burton   主演: 约翰尼·德普 Johnny Depp / 薇诺娜·瑞德 Winona ...
                            1990 / 美国 / 剧情 奇幻 爱情"
本杰明·巴顿奇事,The Curious Case of Benjamin Button,8.7,417445,"导演: 大卫·芬奇 David Fincher   主演: 凯特·布兰切特 Cate Blanchett / ...
                            2008 / 美国 / 剧情 爱情 奇幻"
低俗小说,Pulp Fiction,8.8,356777,"导演: 昆汀·塔伦蒂诺 Quentin Tarantino   主演: 约翰·特拉沃尔塔 John Tra...
                            1994 / 美国 / 剧情 喜剧 犯罪"
看不见的客人,Contratiempo,8.8,353836,"导演: 奥里奥尔·保罗 Oriol Paulo   主演: 马里奥·卡萨斯 Mario Casas / 阿...
                            2016 / 西班牙 / 剧情 犯罪 悬疑 惊悚"
西西里的美丽传说,Malèna,8.7,375599,"导演: 朱塞佩·托纳多雷 Giuseppe Tornatore   主演: 莫妮卡·贝鲁奇 Monica ...
                            2000 / 意大利 美国 / 剧情 战争 情色"
黑客帝国,The Matrix,8.8,299967,"导演: 安迪·沃卓斯基 Andy Wachowski / 拉娜·沃卓斯基 Lana Wachowski   主...
                            1999 / 美国 澳大利亚 / 动作 科幻"
拯救大兵瑞恩,Saving Private Ryan,8.9,255643,"导演: 史蒂文·斯皮尔伯格 Steven Spielberg   主演: 汤姆·汉克斯 Tom Hanks...
                            1998 / 美国 / 剧情 历史 战争"
沉默的羔羊,The Silence of the Lambs,8.7,375772,"导演: 乔纳森·戴米 Jonathan Demme   主演: 朱迪·福斯特 Jodie Foster / 安...
                            1991 / 美国 / 剧情 犯罪 惊悚"
入殓师,おくりびと,8.8,333211,"导演: 泷田洋二郎 Yôjirô Takita   主演: 本木雅弘 Masahiro Motoki / ...
                            2008 / 日本 / 剧情"
蝴蝶效应,The Butterfly Effect,8.7,405617,"导演: 埃里克·布雷斯 Eric Bress / J·麦基·格鲁伯 J. Mackye Gruber   主...
                            2004 / 美国 加拿大 / 剧情 悬疑 科幻 惊悚"
玛丽和马克思,Mary and Max,8.9,241579,"导演: 亚当·艾略特 Adam Elliot   主演: 托妮·科莱特 Toni Collette / 菲利...
                            2009 / 澳大利亚 / 剧情 动画"
让子弹飞,让子弹飞一会儿  /  火烧云,8.7,661719,"导演: 姜文 Wen Jiang   主演: 姜文 Wen Jiang / 葛优 You Ge / 周润发 Yun-F...
                            2010 / 中国大陆 香港 / 剧情 喜剧 动作 西部"
春光乍泄,春光乍洩,8.8,263330,"导演: 王家卫 Kar Wai Wong   主演: 张国荣 Leslie Cheung / 梁朝伟 Tony Leu...
                            1997 / 香港 日本 韩国 / 剧情 爱情 同性"
大闹天宫,大闹天宫 上下集  /  The Monkey King,9.2,108255,"导演: 万籁鸣 Laiming Wan / 唐澄 Cheng  Tang   主演: 邱岳峰 Yuefeng Qiu /...
                            1961(中国大陆) / 1964(中国大陆) / 1978(中国大陆) / 2004(中国大陆) / 中国大陆 / 动画 奇幻"
心灵捕手,Good Will Hunting,8.8,288354,"导演: 格斯·范·桑特 Gus Van Sant   主演: 马特·达蒙 Matt Damon / 罗宾·...
                            1997 / 美国 / 剧情"
幽灵公主,もののけ姫,8.8,249202,"导演: 宫崎骏 Hayao Miyazaki   主演: 松田洋治 Yôji Matsuda / 石田百合...
                            1997 / 日本 / 动作 爱情 战争 动画 奇幻 冒险"
阳光灿烂的日子,In the Heat of the Sun,8.8,286566,"导演: 姜文 Wen Jiang   主演: 夏雨 Yu Xia / 宁静 Jing Ning / 陶虹 Hong Tao
                            1994 / 中国大陆 香港 / 剧情"
第六感,The Sixth Sense,8.8,247627,"导演: M·奈特·沙马兰 M. Night Shyamalan   主演: 布鲁斯·威利斯 Bruce Wi...
                            1999 / 美国 / 剧情 悬疑 惊悚"
末代皇帝,The Last Emperor,8.9,182011,"导演: 贝纳尔多·贝托鲁奇 Bernardo Bertolucci   主演: 尊龙 John Lone / 陈...
                            1987 / 意大利 中国大陆 英国 法国 / 剧情 传记 历史"
重庆森林,重慶森林,8.7,350658,"导演: 王家卫 Kar Wai Wong   主演: 林青霞 Brigitte Lin / 金城武 Takeshi K...
                            1994 / 香港 / 剧情 爱情"
禁闭岛,Shutter Island,8.6,381057,"导演: Martin Scorsese   主演: 莱昂纳多·迪卡普里奥 Leonardo DiCaprio / ...
                            2010 / 美国 / 剧情 悬疑 惊悚"
大鱼,Big Fish,8.7,266449,"导演: 蒂姆·波顿 Tim Burton   主演: 伊万·麦克格雷格 Ewan McGregor / 阿...
                            2003 / 美国 / 剧情 家庭 奇幻 冒险"
狩猎,Jagten,9.0,138433,"导演: 托马斯·温特伯格 Thomas Vinterberg   主演: 麦斯·米科尔森 Mads Mik...
                            2012 / 丹麦 瑞典 / 剧情"
布达佩斯大饭店,The Grand Budapest Hotel,8.8,333652,"导演: 韦斯·安德森 Wes Anderson   主演: 拉尔夫·费因斯 Ralph Fiennes / ...
                            2014 / 美国 德国 英国 / 剧情 喜剧"
射雕英雄传之东成西就,射鵰英雄傳之東成西就,8.7,290739,"导演: 刘镇伟 Jeffrey Lau   主演: 梁朝伟 Tony Leung Chiu Wai / 林青霞 Bri...
                            1993 / 香港 / 喜剧 古装"
甜蜜蜜,Comrades: Almost a Love Story,8.8,243841,"导演: 陈可辛 Peter Chan   主演: 黎明 Leon Lai / 张曼玉 Maggie Cheung / ...
                            1996 / 香港 / 剧情 爱情"
致命ID,Identity,8.6,336877,"导演: James Mangold   主演: John Cusack / Ray Liotta / Amanda Peet
                            2003 / 美国 / 剧情 悬疑 惊悚"
哈利·波特与魔法石,Harry Potter and the Sorcerer's Stone,8.7,275578,"导演: Chris Columbus   主演: Daniel Radcliffe / Emma Watson / Rupert Grint
                            2001 / 美国 英国 / 奇幻 冒险"
一一,Yi yi  /  Yi yi: A One and a Two,8.9,163949,"导演: 杨德昌 Edward Yang   主演: 吴念真 / 李凯莉 Kelly Lee / 金燕玲 Elai...
                            2000 / 台湾 日本 / 剧情 爱情 家庭"
阳光姐妹淘,써니,8.8,283761,"导演: 姜炯哲 Hyeong-Cheol Kang   主演: 沈恩京 Eun-kyung Shim / 闵孝琳 Hy...
                            2011 / 韩国 / 剧情 喜剧"
断背山,Brokeback Mountain,8.6,337174,"导演: 李安 Ang Lee   主演: 希斯·莱杰 Heath Ledger / 杰克·吉伦哈尔 Jake...
                            2005 / 美国 加拿大 / 剧情 爱情 同性 家庭"
告白,自白  /  母亲,8.7,360363,"导演: 中岛哲也 Tetsuya Nakashima   主演: 松隆子 Takako Matsu / 冈田将生 ...
                            2010 / 日本 / 剧情 惊悚"
上帝之城,Cidade de Deus,8.9,164336,"导演: Kátia Lund / Fernando Meirelles   主演: Alexandre Rodrigues / Lea...
                            2002 / 巴西 法国 / 犯罪 剧情"
猫鼠游戏,Catch Me If You Can,8.7,242190,"导演: 史蒂文·斯皮尔伯格 Steven Spielberg   主演: 莱昂纳多·迪卡普里奥 L...
                            2002 / 美国 加拿大 / 传记 犯罪 剧情"
加勒比海盗,Pirates of the Caribbean: The Curse of the Black Pearl,8.6,364722,"导演: 戈尔·维宾斯基 Gore Verbinski   主演: 约翰尼·德普 Johnny Depp / ...
                            2003 / 美国 / 动作 冒险 奇幻"
摩登时代,Modern Times,9.2,94927,"导演: 查理·卓别林 Charles Chaplin   主演: 查理·卓别林 Charles Chaplin ...
                            1936 / 美国 / 喜剧 剧情 爱情"
阿凡达,Avatar,8.6,553771,"导演: 詹姆斯·卡梅隆 James Cameron   主演: 萨姆·沃辛顿 Sam Worthington ...
                            2009 / 美国 英国 / 动作 科幻 冒险"
穿条纹睡衣的男孩,The Boy in the Striped Pajamas,8.9,156811,"导演: 马克·赫门 Mark Herman   主演: 阿沙·巴特菲尔德 Asa Butterfield / ...
                            2008 / 英国 美国 / 剧情 战争"
爱在黎明破晓前,Before Sunrise,8.7,232612,"导演: 理查德·林克莱特 Richard Linklater   主演: 伊桑·霍克 Ethan Hawke ...
                            1995 / 美国 奥地利 瑞士 / 剧情 爱情"
风之谷,風の谷のナウシカ,8.8,185008,"导演: 宫崎骏 Hayao Miyazaki   主演: 岛本须美 Sumi Shimamoto / 松田洋治 Y...
                            1984 / 日本 / 科幻 动画 奇幻 冒险"
消失的爱人,Gone Girl,8.7,375734,"导演: 大卫·芬奇 David Fincher   主演: 本·阿弗莱克 Ben Affleck / 罗莎蒙...
                            2014 / 美国 / 剧情 犯罪 悬疑 惊悚"
爱在日落黄昏时,Before Sunset,8.7,208274,"导演: 理查德·林克莱特 Richard Linklater   主演: 伊桑·霍克 Ethan Hawke ...
                            2004 / 美国 / 剧情 爱情"
侧耳倾听,耳をすませば,8.8,177600,"导演: 近藤喜文 Yoshifumi Kondo   主演: 本名阳子 Youko Honna / 小林桂树 K...
                            1995 / 日本 / 剧情 爱情 动画 音乐"
超脱,Detachment,8.8,181178,"导演: 托尼·凯耶 Tony Kaye   主演: 艾德里安·布洛迪 Adrien Brody / 马西...
                            2011 / 美国 / 剧情"
倩女幽魂,倩女幽魂(87版)  /  A Chinese Ghost Story,8.6,267384,"导演: 程小东 Siu-Tung Ching   主演: 张国荣 Leslie Cheung / 王祖贤 Joey W...
                            1987 / 香港 / 剧情 爱情 武侠 古装"
红辣椒,パプリカ,8.9,142267,"导演: 今敏 Satoshi Kon   主演: 林原惠美 Megumi Hayashibara / 古谷彻 T...
                            2006 / 日本 / 动画 悬疑 科幻 惊悚"
萤火虫之墓,火垂るの墓,8.7,212678,"导演: 高畑勋 Isao Takahata   主演: 辰己努 / 白石绫乃 / 志乃原良子
                            1988 / 日本 / 动画 剧情 战争"
恐怖直播,더 테러 라이브,8.7,234261,"导演: 金秉祐 Byeong-woo Kim   主演: 河正宇 Jung-woo Ha / 李璟荣 Kyeong-y...
                            2013 / 韩国 / 剧情 犯罪 悬疑"
驯龙高手,How to Train Your Dragon,8.7,298747,"导演: 迪恩·德布洛斯 Dean DeBlois / 克里斯·桑德斯 Chris Sanders   主演:...
                            2010 / 美国 / 喜剧 动画 奇幻 冒险 家庭"
菊次郎的夏天,菊次郎の夏,8.7,190872,"导演: 北野武 Takeshi Kitano   主演: 北野武 Takeshi Kitano / 关口雄介 Yus...
                            1999 / 日本 / 剧情 喜剧"
幸福终点站,The Terminal,8.6,234044,"导演: 史蒂文·斯皮尔伯格 Steven Spielberg   主演: 汤姆·汉克斯 Tom Hanks...
                            2004 / 美国 / 喜剧 剧情 爱情"
岁月神偷,歲月神偷,8.6,318068,"导演: 罗启锐 Alex Law   主演: 吴君如 Sandra Ng / 任达华 Simon Yam / 钟绍...
                            2010 / 香港 中国大陆 / 剧情 家庭"
借东西的小人阿莉埃蒂,借りぐらしのアリエッティ,8.7,227023,"导演: 米林宏昌 Hiromasa Yonebayashi   主演: 志田未来 Mirai Shida / 神木...
                            2010 / 日本 / 动画 奇幻 冒险"
神偷奶爸,Despicable Me,8.5,396076,"导演: 皮艾尔·柯芬 Pierre Coffin / 克里斯·雷纳德 Chris Renaud   主演: ...
                            2010 / 美国 法国 / 喜剧 动画 冒险"
七武士,七人の侍,9.2,80457,"导演: 黑泽明 Akira Kurosawa   主演: 三船敏郎 Toshirô Mifune / 志村乔 ...
                            1954 / 日本 / 动作 冒险 剧情"
小森林 夏秋篇,リトル・フォレスト 夏・秋,8.9,138544,"导演: 森淳一 Junichi Mori   主演: 桥本爱 Ai Hashimoto / 三浦贵大 Takahir...
                            2014 / 日本 / 剧情"
喜剧之王,喜劇之王,8.5,330954,"导演: 周星驰 Stephen Chow / 李力持 Lik-Chi Lee   主演: 周星驰 Stephen Ch...
                            1999 / 香港 / 喜剧 剧情 爱情"
海洋,Océans,9.0,101490,"导演: 雅克·贝汉 Jacques Perrin / 雅克·克鲁奥德 Jacques Cluzaud   主演:...
                            2009 / 法国 瑞士 西班牙 美国 阿联酋 / 纪录片"
真爱至上,Love Actually,8.5,327064,"导演: 理查德·柯蒂斯 Richard Curtis   主演: 休·格兰特 Hugh Grant / 柯林...
                            2003 / 英国 美国 法国 / 喜剧 剧情 爱情"
杀人回忆,살인의 추억,8.6,218139,"导演: 奉俊昊 Joon-ho Bong   主演: 宋康昊 Kang-ho Song / 金相庆 Sang-kyun...
                            2003 / 韩国 / 犯罪 剧情 悬疑 惊悚"
电锯惊魂,Saw,8.7,206930,"导演: 詹姆斯·温 James Wan   主演: 雷·沃纳尔 Leigh Whannell / 加利·艾...
                            2004 / 美国 / 悬疑 惊悚 恐怖"
谍影重重3,The Bourne Ultimatum,8.7,187793,"导演: 保罗·格林格拉斯 Paul Greengrass   主演: 马特·达蒙 Matt Damon / ...
                            2007 / 美国 德国 / 动作 悬疑 惊悚"
贫民窟的百万富翁,Slumdog Millionaire,8.5,408703,"导演: 丹尼·鲍尔 Danny Boyle / 洛芙琳·坦丹 Loveleen Tandan   主演: 戴夫...
                            2008 / 英国 美国 / 剧情 爱情"
雨人,Rain Man,8.6,217018,"导演: 巴瑞·莱文森 Barry Levinson   主演: 达斯汀·霍夫曼 Dustin Hoffman ...
                            1988 / 美国 / 剧情"
记忆碎片,Memento,8.5,290334,"导演: 克里斯托弗·诺兰 Christopher Nolan   主演: 盖·皮尔斯 Guy Pearce /...
                            2000 / 美国 / 犯罪 剧情 悬疑 惊悚"
东邪西毒,東邪西毒,8.6,260789,"导演: 王家卫 Kar Wai Wong   主演: 张国荣 Leslie Cheung / 张曼玉 Maggie C...
                            1994 / 香港 台湾 / 剧情 动作 爱情 武侠 古装"
喜宴,囍宴,8.8,145985,"导演: 李安 Ang Lee   主演: 赵文瑄 Winston Chao / 郎雄 Sihung Lung / 归亚...
                            1993 / 台湾 美国 / 剧情 喜剧 爱情 同性 家庭"
怪兽电力公司,"Monsters, Inc.",8.6,251850,"导演: 彼特·道格特 Pete Docter / 大卫·斯沃曼 David Silverman   主演: 约...
                            2001 / 美国 / 喜剧 动画 儿童 奇幻"
疯狂原始人,The Croods,8.7,384462,"导演: 科克·德·米科 Kirk De Micco / 克里斯·桑德斯 Chris Sanders   主演...
                            2013 / 美国 / 喜剧 动画 冒险"
黑天鹅,Black Swan,8.5,432491,"导演: 达伦·阿罗诺夫斯基 Darren Aronofsky   主演: 娜塔莉·波特曼 Natalie...
                            2010 / 美国 / 剧情 惊悚"
燃情岁月,Legends of the Fall,8.7,152674,"导演: 爱德华·兹威克 Edward Zwick   主演: 安东尼·霍普金斯 Anthony Hopki...
                            1994 / 美国 / 剧情 爱情 西部 家庭"
英雄本色,A Better Tomorrow  /  Gangland Boss,8.7,173536,"导演: 吴宇森 John Woo   主演: 周润发 Yun-Fat Chow / 狄龙 Lung Ti / 张国...
                            1986 / 香港 / 动作 犯罪"
虎口脱险,La grande vadrouille,8.9,110643,"导演: 杰拉尔·乌里 Gérard Oury   主演: 路易·德·菲耐斯 Louis de Funès...
                            1966 / 法国 英国 / 喜剧 战争"
卢旺达饭店,Hotel Rwanda,8.8,124524,"导演: 特瑞·乔治 Terry George   主演: 唐·钱德尔 Don Cheadle / 苏菲·奥...
                            2004 / 英国 南非 意大利 美国 / 剧情 历史 战争"
恋恋笔记本,The Notebook,8.5,293939,"导演: 尼克·卡索维茨 Nick Cassavetes   主演: 瑞恩·高斯林 Ryan Gosling /...
                            2004 / 美国 / 剧情 爱情"
傲慢与偏见,Pride & Prejudice,8.4,314048,"导演: 乔·怀特 Joe Wright   主演: 凯拉·奈特莉 Keira Knightley / 马修·...
                            2005 / 法国 英国 美国 / 剧情 爱情"
7号房的礼物,7번방의 선물,8.7,183743,"导演: 李焕庆 Hwan-kyeong Lee   主演: 柳承龙 Seung-yong Ryoo / 朴信惠 Shi...
                            2013 / 韩国 / 剧情 喜剧 家庭"
猜火车,Trainspotting,8.5,255712,"导演: 丹尼·博伊尔 Danny Boyle   主演: 伊万·麦克格雷格 Ewan McGregor / ...
                            1996 / 英国 / 犯罪 剧情"
魂断蓝桥,Waterloo Bridge,8.8,133402,"导演: Mervyn LeRoy   主演: Vivien Leigh / Robert Taylor / Lucile Watson
                            1940 / 美国 / 剧情 战争 爱情"
海边的曼彻斯特,Manchester by the Sea,8.6,198776,"导演: 肯尼斯·罗纳根 Kenneth Lonergan   主演: 卡西·阿弗莱克 Casey Affle...
                            2016 / 美国 / 剧情 家庭"
穿越时空的少女,時をかける少女,8.6,191404,"导演: 细田守 Mamoru Hosoda   主演: 仲里依纱 Riisa Naka / 石田卓也 Takuya...
                            2006 / 日本 / 剧情 爱情 科幻 动画"
教父3,The Godfather: Part III,8.8,135566,"导演: 弗朗西斯·福特·科波拉 Francis Ford Coppola   主演: 阿尔·帕西诺 A...
                            1990 / 美国 / 剧情 犯罪"
哈利·波特与死亡圣器(下),Harry Potter and the Deathly Hallows: Part 2,8.6,284044,"导演: 大卫·叶茨 David Yates   主演: 丹尼尔·雷德克里夫 Daniel Radcliffe...
                            2011 / 美国 英国 / 剧情 悬疑 奇幻 冒险"
萤火之森,蛍火の杜へ,8.7,164804,"导演: 大森贵弘 Takahiro Omori   主演: 佐仓绫音 Ayane Sakura / 内山昂辉 K...
                            2011 / 日本 / 剧情 爱情 动画 奇幻"
完美的世界,A Perfect World,9.0,83815,"导演: 克林特·伊斯特伍德 Clint Eastwood   主演: 凯文·科斯特纳 Kevin Cos...
                            1993 / 美国 / 剧情 犯罪"
纵横四海,緃横四海,8.7,152126,"导演: 吴宇森 John Woo   主演: 周润发 Yun-Fat Chow / 张国荣 Leslie Cheung...
                            1991 / 香港 / 剧情 喜剧 动作 犯罪"
玩具总动员3,Toy Story 3,8.8,198289,"导演: 李·昂克里奇 Lee Unkrich   主演: 汤姆·汉克斯 Tom Hanks / 蒂姆·艾...
                            2010 / 美国 / 喜剧 动画 奇幻 冒险"
雨中曲,Singin' in the Rain,8.9,95885,"导演: Stanley Donen / Gene Kelly   主演: Gene Kelly / Donald O'Connor / ...
                            1952 / 美国 / 喜剧 歌舞 爱情"
小森林 冬春篇,リトル・フォレスト 冬・春,8.9,120564,"导演: 森淳一 Junichi Mori   主演: 桥本爱 Ai Hashimoto / 三浦贵大 Takahir...
                            2015 / 日本 / 剧情"
荒蛮故事,Relatos salvajes,8.8,145875,"导演: 达米安·斯兹弗隆 Damián Szifron   主演: 达里奥·葛兰帝内提 Darío...
                            2014 / 阿根廷 西班牙 / 剧情 喜剧 犯罪"
花样年华,花樣年華,8.5,255665,"导演: 王家卫 Kar Wai Wong   主演: 梁朝伟 Tony Leung Chiu Wai / 张曼玉 Ma...
                            2000 / 香港 法国 / 剧情 爱情"
二十二,Twenty Two  /  22,8.8,94319,"导演: 郭柯 Ke Guo   主演: 
                            2015 / 中国大陆 / 纪录片"
我是山姆,I Am Sam,8.8,107668,"导演: 杰茜·尼尔森 Jessie Nelson   主演: Sean Penn / Dakota Fanning / Mi...
                            2001 / 美国 / 剧情 家庭"
超能陆战队,Big Hero 6,8.6,383402,"导演: 唐·霍尔 Don Hall / 克里斯·威廉姆斯 Chris Williams   主演: 斯科特...
                            2014 / 美国 / 喜剧 动作 科幻 动画 冒险"
唐伯虎点秋香,唐伯虎點秋香,8.4,341327,"导演: 李力持 Lik-Chi Lee   主演: 周星驰 Stephen Chow / 巩俐 Li Gong / 陈...
                            1993 / 香港 / 喜剧 爱情 古装"
时空恋旅人,About Time,8.6,208468,"导演: 理查德·柯蒂斯 Richard Curtis   主演: 多姆纳尔·格利森 Domhnall Gl...
                            2013 / 英国 / 剧情 爱情 奇幻"
人工智能,Artificial Intelligence: AI,8.6,195168,"导演: 史蒂文·斯皮尔伯格 Steven Spielberg   主演: 海利·乔·奥斯蒙 Haley...
                            2001 / 美国 / 冒险 剧情 科幻"
浪潮,Die Welle,8.7,136368,"导演: 丹尼斯·甘塞尔 Dennis Gansel   主演: 尤尔根·沃格尔 Jürgen Vogel ...
                            2008 / 德国 / 剧情 惊悚"
蝙蝠侠：黑暗骑士崛起,The Dark Knight Rises,8.6,303673,"导演: 克里斯托弗·诺兰 Christopher Nolan   主演: 克里斯蒂安·贝尔 Christ...
                            2012 / 美国 英国 / 剧情 动作 科幻 犯罪 惊悚"
冰川时代,Ice Age,8.4,280174,"导演: 卡洛斯·沙尔丹哈 Carlos Saldanha / 克里斯·韦奇 Chris Wedge   主演...
                            2002 / 美国 / 喜剧 动画 冒险"
香水,Perfume: The Story of a Murderer,8.4,284004,"导演: 汤姆·提克威 Tom Tykwer   主演: 本·卫肖 Ben Whishaw / 艾伦·瑞克...
                            2006 / 德国 法国 西班牙 美国 / 剧情 犯罪 奇幻"
朗读者,The Reader,8.5,284603,"导演: 史蒂芬·戴德利 Stephen Daldry   主演: 凯特·温丝莱特 Kate Winslet ...
                            2008 / 美国 德国 / 剧情 爱情"
心迷宫,殡棺  /  The Coffin in the Mountain,8.6,168573,"导演: 忻钰坤 Yukun Xin   主演: 霍卫民 Weimin Huo / 王笑天 Xiaotian Wang ...
                            2014 / 中国大陆 / 剧情 犯罪 悬疑"
罗生门,羅生門,8.7,128953,"导演: 黑泽明 Akira Kurosawa   主演: 三船敏郎 Toshirô Mifune / 千秋实 ...
                            1950 / 日本 / 犯罪 剧情 悬疑"
追随,Following,8.9,84163,"导演: 克里斯托弗·诺兰 Christopher Nolan   主演: 杰里米·西奥伯德 Jeremy...
                            1998 / 英国 / 犯罪 悬疑 惊悚"
一次别离,جدایی نادر از سیمین,8.7,136160,"导演: 阿斯哈·法哈蒂  Asghar Farhadi   主演: 佩曼·莫阿迪 Peyman Moadi /...
                            2011 / 伊朗 法国 / 剧情 家庭"
撞车,Crash,8.6,178296,"导演: 保罗·哈吉斯 Paul Haggis   主演: 桑德拉·布洛克 Sandra Bullock / ...
                            2004 / 美国 德国 / 犯罪 剧情"
爆裂鼓手,Whiplash,8.6,245204,"导演: 达米安·沙泽勒 Damien Chazelle   主演: 迈尔斯·特勒 Miles Teller /...
                            2014 / 美国 / 剧情 音乐"
未麻的部屋,Perfect Blue,8.8,101293,"导演: 今敏 Satoshi Kon   主演: 岩男润子 Junko Iwao / 松本梨香 Rica Matsu...
                            1997 / 日本 / 动画 奇幻 惊悚"
可可西里,Kekexili: Mountain Patrol,8.7,132750,"导演: 陆川 Chuan Lu   主演: 多布杰 Duobujie / 张磊 Lei Zhang / 亓亮 Qi L...
                            2004 / 中国大陆 香港 / 剧情 犯罪"
战争之王,Lord of War,8.5,179136,"导演: 安德鲁·尼科尔 Andrew Niccol   主演: 尼古拉斯·凯奇 Nicolas Cage /...
                            2005 / 美国 法国 / 剧情 犯罪"
地球上的星星,Taare Zameen Par,8.8,87661,"导演: 阿米尔·汗 Aamir Khan   主演: 达席尔·萨法瑞 Darsheel Safary / 阿...
                            2007 / 印度 / 剧情 儿童 家庭"
梦之安魂曲,Requiem for a Dream,8.7,114485,"导演: 达伦·阿伦诺夫斯基 Darren Aronofsky   主演: 艾伦·伯斯汀 Ellen Bur...
                            2000 / 美国 / 剧情"
恐怖游轮,Triangle,8.3,334718,"导演: 克里斯托弗·史密斯 Christopher Smith   主演: 梅利莎·乔治 Melissa ...
                            2009 / 英国 澳大利亚 / 剧情 悬疑 惊悚"
达拉斯买家俱乐部,Dallas Buyers Club,8.6,173004,"导演: 让-马克·瓦雷 Jean-Marc Vallée   主演: 马修·麦康纳 Matthew McCon...
                            2013 / 美国 / 剧情 传记 同性"
被解救的姜戈,Django Unchained,8.5,265806,"导演: 昆汀·塔伦蒂诺 Quentin Tarantino   主演: 杰米·福克斯 Jamie Foxx /...
                            2012 / 美国 / 剧情 动作 西部 冒险"
阿飞正传,阿飛正傳,8.5,187406,"导演: 王家卫 Kar Wai Wong   主演: 张国荣 Leslie Cheung / 张曼玉 Maggie C...
                            1990 / 香港 / 犯罪 剧情 爱情"
牯岭街少年杀人事件,牯嶺街少年殺人事件,8.7,109755,"导演: 杨德昌 Edward Yang   主演: 张震 Chen Chang / 杨静怡 Lisa Yang / 张...
                            1991 / 台湾 / 剧情 犯罪"
谍影重重,The Bourne Identity,8.5,196645,"导演: 道格·里曼 Doug Liman   主演: 马特·达蒙 Matt Damon / 弗兰卡·波坦...
                            2002 / 美国 德国 捷克 / 动作 悬疑 惊悚"
谍影重重2,The Bourne Supremacy,8.5,163359,"导演: 保罗·格林格拉斯 Paul Greengrass   主演: 马特·达蒙 Matt Damon / ...
                            2004 / 美国 德国 / 动作 悬疑 惊悚"
碧海蓝天,Le grand bleu,8.7,109445,"导演: Luc Besson   主演: 让-马克·巴尔 Jean-Marc Barr / 让·雷诺 Jean Re...
                            1988 / 法国 美国 意大利 / 剧情 爱情"
魔女宅急便,魔女の宅急便,8.5,200008,"导演: 宫崎骏 Hayao Miyazaki   主演: 高山南 Minami Takayama / 佐久间玲 Re...
                            1989 / 日本 / 动画 奇幻 冒险"
血战钢锯岭,Hacksaw Ridge,8.7,323572,"导演: 梅尔·吉布森 Mel Gibson   主演: 安德鲁·加菲尔德 Andrew Garfield /...
                            2016 / 美国 澳大利亚 / 剧情 传记 历史 战争"
惊魂记,Psycho,8.9,85165,"导演: Alfred Hitchcock   主演: Janet Leigh / Anthony Perkins / Vera Miles
                            1960 / 美国 / 悬疑 惊悚 恐怖"
忠犬八公物语,ハチ公物語,9.0,61471,"导演: Seijirô Kôyama   主演: 山本圭 Kei Yamamoto / 井川比佐志 Hisa...
                            1987 / 日本 / 剧情"
秒速5厘米,秒速5センチメートル,8.3,305662,"导演: 新海诚 Makoto Shinkai   主演: 水桥研二 Kenji Mizuhashi / 近藤好美 ...
                            2007 / 日本 / 动画 剧情 爱情"
再次出发之纽约遇见你,Begin Again,8.5,174428,"导演: 约翰·卡尼 John Carney   主演: 凯拉·奈特莉 Keira Knightley / 马克...
                            2013 / 美国 / 喜剧 爱情 音乐"
青蛇,Green Snake,8.4,226671,"导演: 徐克 Hark Tsui   主演: 张曼玉 Maggie Cheung / 王祖贤 Joey Wang / ...
                            1993 / 香港 / 剧情 奇幻 古装"
海盗电台,The Boat That Rocked,8.6,167788,"导演: 理查德·柯蒂斯 Richard Curtis   主演: 比尔·奈伊 Bill Nighy / 肯尼...
                            2009 / 英国 德国 法国 / 剧情 喜剧 音乐"
头脑特工队,Inside Out,8.7,233343,"导演: 彼特·道格特 Pete Docter / 罗纳尔多·德尔·卡门 Ronaldo Del Carmen  &nb...;
                            2015 / 美国 / 喜剧 动画 冒险"
哪吒闹海,Prince Nezha's Triumph Against Dragon King  /  Nezha nao hai,8.9,82530,"导演: 严定宪 Dingxian Yan / 王树忱 Shuchen Wang   主演: 梁正晖 Zhenghui ...
                            1979 / 中国大陆 / 冒险 动画 奇幻"
房间,Room,8.8,158476,"导演: 伦尼·阿伯拉罕森 Lenny Abrahamson   主演: 布丽·拉尔森 Brie Larson...
                            2015 / 爱尔兰 加拿大 英国 美国 / 剧情 家庭"
东京物语,東京物語,9.2,51700,"导演: 小津安二郎 Yasujirô Ozu   主演: 笠智众 Chishû Ryû / 原节...
                            1953 / 日本 / 剧情 家庭"
绿里奇迹,The Green Mile,8.7,108786,"导演: Frank Darabont   主演: 汤姆·汉克斯 Tom Hanks / 大卫·摩斯 David M...
                            1999 / 美国 / 犯罪 剧情 奇幻 悬疑"
末路狂花,Thelma & Louise,8.7,106712,"导演: 雷德利·斯科特 Ridley Scott   主演: 吉娜·戴维斯 Geena Davis / 苏...
                            1991 / 美国 法国 / 犯罪 剧情 惊悚"
终结者2：审判日,Terminator 2: Judgment Day,8.6,143946,"导演: 詹姆斯·卡梅隆 James Cameron   主演: 阿诺·施瓦辛格 Arnold Schwarz...
                            1991 / 美国 法国 / 动作 科幻"
勇闯夺命岛,The Rock,8.5,144574,"导演: 迈克尔·贝 Michael Bay   主演: 肖恩·康纳利 Sean Connery / 尼古拉...
                            1996 / 美国 / 动作 冒险"
源代码,Source Code,8.3,416519,"导演: 邓肯·琼斯 Duncan Jones   主演: 杰克·吉伦哈尔 Jake Gyllenhaal / ...
                            2011 / 美国 加拿大 / 爱情 科幻 悬疑 惊悚"
这个男人来自地球,The Man from Earth,8.5,185223,"导演: 理查德·沙因克曼 Richard Schenkman   主演: 大卫·李·史密斯 David ...
                            2007 / 美国 / 剧情 科幻"
新龙门客栈,新龍門客棧,8.5,187819,"导演: 李惠民 Raymond Lee   主演: 张曼玉 Maggie Cheung / 林青霞 Brigitte ...
                            1992 / 香港 中国大陆 / 剧情 动作 武侠 古装"
黑客帝国3：矩阵革命,The Matrix Revolutions,8.5,159236,"导演: Andy Wachowski / Larry Wachowski   主演: Keanu Reeves / Laurence F...
                            2003 / 美国 澳大利亚 / 动作 科幻"
卡萨布兰卡,Casablanca,8.6,127089,"导演: Michael Curtiz   主演: 亨弗莱·鲍嘉 Humphrey Bogart / 英格丽·褒曼...
                            1942 / 美国 / 剧情 爱情 战争"
模仿游戏,The Imitation Game,8.5,260979,"导演: 莫腾·泰杜姆 Morten Tyldum   主演: 本尼迪克特·康伯巴奇 Benedict C...
                            2014 / 英国 美国 / 剧情 传记 战争 同性"
荒野生存,Into the Wild,8.6,129937,"导演: 西恩·潘 Sean Penn   主演: 埃米尔·赫斯基 Emile Hirsch / 马西娅·...
                            2007 / 美国 / 冒险 传记 剧情"
变脸,Face/Off,8.4,218250,"导演: 吴宇森 John Woo   主演: 约翰·特拉沃尔塔 John Travolta / 尼古拉斯...
                            1997 / 美国 / 动作 科幻 犯罪 惊悚"
迁徙的鸟,Le peuple migrateur,9.1,52429,"导演: 雅克·贝汉 Jacques Perrin / 雅克·克鲁奥德 Jacques Cluzaud   主演:...
                            2001 / 法国 德国 意大利 西班牙 瑞士 / 纪录片"
城市之光,City Lights,9.2,45078,"导演: Charles Chaplin   主演: 查理·卓别林 Charles Chaplin / 弗吉尼亚·...
                            1931 / 美国 / 喜剧 剧情 爱情"
E.T. 外星人,E.T.: The Extra-Terrestrial,8.5,155806,"导演: Steven Spielberg   主演: Henry Thomas / Dee Wallace / Robert MacNa...
                            1982 / 美国 / 剧情 科幻"
美国丽人,American Beauty,8.4,188743,"导演: 萨姆·门德斯 Sam Mendes   主演: 凯文·史派西 Kevin Spacey / 安妮特...
                            1999 / 美国 / 剧情 爱情 家庭"
发条橙,A Clockwork Orange,8.4,188925,"导演: Stanley Kubrick   主演: Malcolm McDowell / Patrick Magee / Michael...
                            1971 / 英国 美国 / 犯罪 剧情 科幻"
黄金三镖客,"Il buono, il brutto, il cattivo.",9.1,52249,"导演: Sergio Leone   主演: Clint Eastwood / Eli Wallach / Lee Van Cleef
                            1966 / 意大利 西班牙 西德 / 冒险 西部"
无耻混蛋,Inglourious Basterds,8.4,227129,"导演: Quentin Tarantino   主演: 布拉德·皮特 Brad Pitt / 梅拉尼·罗兰 M...
                            2009 / 美国 德国 / 剧情 犯罪"
初恋这件小事,สิ่งเล็กเล็กที่เรียกว่า...รัก,8.3,470184,"导演: 普特鹏·普罗萨卡·那·萨克那卡林 Puttipong Promsaka Na Sakolnakorn / 华森·波克彭...
                            2010 / 泰国 / 剧情 喜剧 爱情"
英国病人,The English Patient,8.4,176310,"导演: 安东尼·明格拉 Anthony Minghella   主演: 拉尔夫·费因斯 Ralph Fien...
                            1996 / 美国 英国 / 爱情 剧情 战争"
燕尾蝶,スワロウテイル,8.6,109093,"导演: 岩井俊二 Shunji Iwai   主演: 恰拉 Chara / 伊藤步 Ayumi Ito / 三上...
                            1996 / 日本 / 犯罪 剧情"
一个叫欧维的男人决定去死,En man som heter Ove,8.7,119770,"导演: 汉内斯·赫尔姆 Hannes Holm   主演: 罗夫·拉斯加德 Rolf Lassgård...
                            2015 / 瑞典 / 剧情"
爱在午夜降临前,Before Midnight,8.8,118514,"导演: 理查德·林克莱特 Richard Linklater   主演: 伊桑·霍克 Ethan Hawke ...
                            2013 / 美国 / 剧情 爱情"
你的名字。,君の名は。,8.4,475835,"导演: 新海诚 Makoto Shinkai   主演: 神木隆之介 Ryûnosuke Kamiki / 上...
                            2016 / 日本 / 剧情 爱情 动画"
非常嫌疑犯,The Usual Suspects,8.6,118345,"导演: 布莱恩·辛格 Bryan Singer   主演: 史蒂芬·鲍德温 Stephen Baldwin /...
                            1995 / 德国 美国 / 剧情 犯罪 悬疑 惊悚"
叫我第一名,Front of the Class,8.6,110461,"导演: 彼得·维纳 Peter Werner   主演: 詹姆斯·沃克 James Wolk / 特里特·...
                            2008 / 美国 / 剧情 传记"
穆赫兰道,Mulholland Dr.,8.3,238674,"导演: 大卫·林奇 David Lynch   主演: 娜奥米·沃茨 Naomi Watts / 劳拉·哈...
                            2001 / 法国 美国 / 剧情 悬疑 惊悚"
请以你的名字呼唤我,Call Me by Your Name,8.8,139292,"导演: 卢卡·圭达尼诺 Luca Guadagnino   主演: 蒂莫西·柴勒梅德 Timothée ...
                            2017 / 意大利 法国 巴西 美国 / 剧情 爱情 同性"
勇士,Warrior,8.9,88801,"导演: 加文·欧康诺 Gavin O'Connor   主演: 汤姆·哈迪 Tom Hardy / 乔尔·...
                            2011 / 美国 / 剧情 运动 家庭"
无敌破坏王,Wreck-It Ralph,8.6,187358,"导演: 瑞奇·莫尔 Rich Moore   主演: 约翰·C·赖利 John C. Reilly / 萨拉...
                            2012 / 美国 / 喜剧 动画 奇幻 冒险"
疯狂的石头,Crazy Stone,8.3,320239,"导演: 宁浩 Hao Ning   主演: 郭涛 Tao Guo / 刘桦 Hua Liu / 连晋 Teddy Lin
                            2006 / 中国大陆 香港 / 喜剧 犯罪"
无人知晓,誰も知らない,9.0,56336,"导演: 是枝裕和 Hirokazu Koreeda   主演: 柳乐优弥 Yûya Yagira / 北浦爱...
                            2004 / 日本 / 剧情"
上帝也疯狂,The Gods Must Be Crazy,8.6,97480,"导演: Jamie Uys   主演: Marius Weyers / Sandra Prinsloo / N!xau
                            1980 / 博茨瓦纳 南非 / 喜剧"
国王的演讲,The King's Speech,8.3,345362,"导演: 汤姆·霍珀 Tom Hooper   主演: 柯林·菲尔斯 Colin Firth / 杰弗里·...
                            2010 / 英国 澳大利亚 美国 / 剧情 传记 历史"
血钻,Blood Diamond,8.5,134101,"导演: 爱德华·兹威克 Edward Zwick   主演: 莱昂纳多·迪卡普里奥 Leonardo ...
                            2006 / 美国 德国 / 剧情 惊悚 冒险"
步履不停,歩いても 歩いても,8.8,73363,"导演: 是枝裕和 Hirokazu Koreeda   主演: 阿部宽 Hiroshi Abe / 夏川结衣 Yu...
                            2008 / 日本 / 剧情 家庭"
蓝色大门,藍色大門,8.3,275427,"导演: 易智言 Chih-yen Yee   主演: 陈柏霖 Bo-lin Chen / 桂纶镁 Lunmei Kwa...
                            2002 / 台湾 法国 / 剧情 爱情 同性"
枪火,鎗火,8.6,101116,"导演: 杜琪峰 Johnnie To   主演: 吴镇宇 Francis Ng / 任达华 Simon Yam / ...
                            1999 / 香港 / 剧情 动作 犯罪"
大卫·戈尔的一生,The Life of David Gale,8.6,94446,"导演: Alan Parker   主演: 凯文·史派西 Kevin Spacey / 凯特·温丝莱特 Kat...
                            2003 / 美国 德国 英国 / 剧情 犯罪 悬疑"
彗星来的那一夜,Coherence,8.4,179847,"导演: 詹姆斯·沃德·布柯特 James Ward Byrkit   主演: 艾米丽·芭尔多尼 Em...
                            2013 / 美国 英国 / 科幻 悬疑 惊悚"
爱·回家,집으로...,9.0,47944,"导演: 李廷香 Jeong-hyang Lee   主演: 金艺芬 Eul-boon Kim / 俞承豪 Seung-...
                            2002 / 韩国 / 剧情 家庭"
遗愿清单,The Bucket List,8.5,130545,"导演: 罗伯·莱纳 Rob Reiner   主演: 杰克·尼科尔森 Jack Nicholson / 摩根...
                            2007 / 美国 / 冒险 喜剧 剧情"
我爱你,그대를 사랑합니다,9.0,58231,"导演: 秋昌民 Chang-min Choo   主演: 宋在河 Jae-ho Song / 李顺载 Soon-jae...
                            2011 / 韩国 / 剧情 爱情"
千钧一发,Gattaca,8.7,87099,"导演: 安德鲁·尼科尔 Andrew Niccol   主演: 伊桑·霍克 Ethan Hawke / 乌玛...
                            1997 / 美国 / 剧情 科幻"
荒岛余生,Cast Away,8.5,136077,"导演: 罗伯特·泽米吉斯 Robert Zemeckis   主演: 汤姆·汉克斯 Tom Hanks / ...
                            2000 / 美国 / 冒险 剧情"
麦兜故事,麥兜故事,8.5,129569,"导演: 袁建滔 Toe Yuen   主演: 李晋纬 / 林海峰 Jan Lamb / 吴君如 Sandra Ng
                            2001 / 香港 / 剧情 喜剧 动画"
暖暖内含光,Eternal Sunshine of the Spotless Mind,8.4,146463,"导演: 米歇尔·冈瑞 Michel Gondry   主演: 金·凯瑞 Jim Carrey / 凯特·温...
                            2004 / 美国 / 剧情 爱情 奇幻"
曾经,Once,8.3,205005,"导演: 约翰·卡尼 John Carney   主演: 格伦·汉塞德 Glen Hansard / 玛可塔...
                            2007 / 爱尔兰 / 剧情 音乐 爱情"
月球,Moon,8.5,145512,"导演: 邓肯·琼斯 Duncan Jones   主演: 山姆·洛克威尔 Sam Rockwell / 凯文...
                            2009 / 英国 / 剧情 科幻 悬疑"
黑鹰坠落,Black Hawk Down,8.5,114346,"导演: 雷德利·斯科特 Ridley Scott   主演: 乔什·哈奈特 Josh Hartnett / ...
                            2001 / 美国 / 动作 历史 战争"
